{"Rajat Singh": 6.122077998534058, "Rj Singh": 5.764846232200174, "Rajat Kumar Singh": 5.633067442900999, "Ricky": 5.337121331816833, "Rajat Kumar": 4.43669585316948}