{"Rajat Singh": 6.122077998534058, "Rj Singh": 5.764846232200174, "Rajat Kumar Singh": 5.633067442900999, "Rajat Kumar": 4.43669585316948, "raja": 4.316498311878189, "Raja": 4.192458968682199, "Rajat": 3.620852978557281, "Raj": 3.173137462238269, "Ricky": 1.6690063492652798}